linha;id;orgao;titulo;slug;url_externo;link_integrado;url_portal
39;421;PMMS;Policiamento Rural – Guardião da vida, do Progresso e da Segurança no Campo;04-patrulha-rural-protecao-de-vidas-no-campo91;;;https://www.servicos.ms.gov.br/servico/04-patrulha-rural-protecao-de-vidas-no-campo91
40;422;PMMS;Policiamento de trânsito – Proteção de vidas no trânsito das cidades;05-policiamento-de-transito-protecao-de-vidas-no-transito-das-cidades72;;;https://www.servicos.ms.gov.br/servico/05-policiamento-de-transito-protecao-de-vidas-no-transito-das-cidades72
94;658;SAD;Participar de licitação na modalidade leilão;licitacao-na-modalidade-leilao189;https://www.compras.ms.gov.br/;;https://www.servicos.ms.gov.br/servico/licitacao-na-modalidade-leilao189
95;659;SAD;Participar de Concursos Públicos;selecao-e-ingresso-de-pessoal-por-meio-de-concursos-publicos-processos-seletivos-internos-e-processos-seletivos-simplificados149;https://www.concursos.ms.gov.br/;;https://www.servicos.ms.gov.br/servico/selecao-e-ingresso-de-pessoal-por-meio-de-concursos-publicos-processos-seletivos-internos-e-processos-seletivos-simplificados149
101;743;SEMADESC;Solicitar informações do programa CONECTA-MS;programa-conecta-ms111;http://www.semadesc.ms.gov.br/ciencia-e-tecnologia/;;https://www.servicos.ms.gov.br/servico/programa-conecta-ms111
113;873;SES;Solicitar cursos de educação profissional na área da saúde;cursos-de-educacao-profissional-na-area-da-saude149;https://www.etsus.ms.gov.br/;;https://www.servicos.ms.gov.br/servico/cursos-de-educacao-profissional-na-area-da-saude149
115;890;PCMS;Atender, Registrar e Apurar as infrações penais que configurem violência e familiar contra a mulher;atender-registrar-e-apurar-as-infracoes-penais-que-configurem-violencia-e-familiar-contra-a-mulher40;http://devir.pc.ms.gov.br/#/;;https://www.servicos.ms.gov.br/servico/atender-registrar-e-apurar-as-infracoes-penais-que-configurem-violencia-e-familiar-contra-a-mulher40
119;984;JUCEMS;Validar documentos;validar-documentos163;https://portalservicos.jucems.ms.gov.br/Portal/pages/imagemProcesso/viaUnica.jsf;;https://www.servicos.ms.gov.br/servico/validar-documentos163
120;1003;SES;Solicitar 2ª via – Certificados, Diplomas, Histórico Escolar e Declarações;solicitar-2a-via-certificados-diplomas-historico-escolar-e-declaracoes53;https://www.etsus.ms.gov.br/requerimentos-2a-via/2a-via-certificado-diploma-e-historico-escolar/;;https://www.servicos.ms.gov.br/servico/solicitar-2a-via-certificados-diplomas-historico-escolar-e-declaracoes53
124;1132;DETRAN;Solicitar Agendamento de Exame/Reexame Teórico Técnico Condutor Infrator;solicitar-agendamento-de-examereexame-teorico-tecnico-condutor-infrator182;https://www.meudetran.ms.gov.br/habilitacao.php#;;https://www.servicos.ms.gov.br/servico/solicitar-agendamento-de-examereexame-teorico-tecnico-condutor-infrator182
125;1133;DETRAN;Solicitar Agendamento de Exame/Reexame Teórico Técnico Renovação CNH;solicitar-agendamento-de-examereexame-teorico-tecnico-renovacao-cnh85;https://www.meudetran.ms.gov.br/habilitacao.php#;;https://www.servicos.ms.gov.br/servico/solicitar-agendamento-de-examereexame-teorico-tecnico-renovacao-cnh85
126;1134;DETRAN;Solicitar Agendamento de Exame/Reexame Teórico Técnico Curso Especializado;solicitar-agendamento-de-examereexame-teorico-tecnico-curso-especializado42;https://www.meudetran.ms.gov.br/habilitacao.php#;;https://www.servicos.ms.gov.br/servico/solicitar-agendamento-de-examereexame-teorico-tecnico-curso-especializado42
128;1136;DETRAN;Solicitar Processo Primeira Habilitação (Permissão para Dirigir-PpD);solicitar-processo-primeira-habilitacao-permissao-para-dirigir-ppd42;https://www.meudetran.ms.gov.br/habilitacao.php#;;https://www.servicos.ms.gov.br/servico/solicitar-processo-primeira-habilitacao-permissao-para-dirigir-ppd42
129;1137;DETRAN;Solicitar Carteira Nacional de Habilitação - Definitiva;solicitar-carteira-nacional-de-habilitacao-definitiva104;https://www.meudetran.ms.gov.br/habilitacao.php#;;https://www.servicos.ms.gov.br/servico/solicitar-carteira-nacional-de-habilitacao-definitiva104
130;1138;DETRAN;Solicitar Segunda Via da Carteira Nacional de Habilitação - CNH ou Permissão para Dirigir-PpD;solicitar-segunda-via-da-carteira-nacional-de-habilitacao-cnh-ou-permissao-para-dirigir-ppd112;https://www.meudetran.ms.gov.br/habilitacao.php#;;https://www.servicos.ms.gov.br/servico/solicitar-segunda-via-da-carteira-nacional-de-habilitacao-cnh-ou-permissao-para-dirigir-ppd112
131;1139;DETRAN;Solicitar Mudança de Categoria na Carteira Nacional de Habilitação - CNH;solicitar-mudanca-de-categoria-na-carteira-nacional-de-habilitacao-cnh4;https://www.meudetran.ms.gov.br/habilitacao.php#;;https://www.servicos.ms.gov.br/servico/solicitar-mudanca-de-categoria-na-carteira-nacional-de-habilitacao-cnh4
132;1140;DETRAN;Solicitar adição de categoria na Carteira Nacional de Habilitação - CNH;solicitar-adicao-de-categoria-na-carteira-nacional-de-habilitacao-cnh144;https://www.meudetran.ms.gov.br/habilitacao.php#;;https://www.servicos.ms.gov.br/servico/solicitar-adicao-de-categoria-na-carteira-nacional-de-habilitacao-cnh144
133;1143;DETRAN;Solicitar Reabilitação - Permissão para Dirigir/PpD (permissionado);solicitar-reabilitacao-permissao-para-dirigirppd-permissionado64;https://www.meudetran.ms.gov.br/habilitacao.php#;;https://www.servicos.ms.gov.br/servico/solicitar-reabilitacao-permissao-para-dirigirppd-permissionado64
134;1147;DETRAN;Solicitar Reabilitação - Carteira Nacional de Habilitação/CNH (condutor);solicitar-reabilitacao-carteira-nacional-de-habilitacaocnh-condutor97;https://www.meudetran.ms.gov.br/habilitacao.php#;;https://www.servicos.ms.gov.br/servico/solicitar-reabilitacao-carteira-nacional-de-habilitacaocnh-condutor97
135;1151;DETRAN;Solicitar registro de estrangeiro;solicitar-registro-de-estrangeiro43;https://www.meudetran.ms.gov.br/habilitacao.php#;;https://www.servicos.ms.gov.br/servico/solicitar-registro-de-estrangeiro43
136;1154;DETRAN;Solicitar Alteração de Dados na Carteira Nacional de Habilitação - CNH;solicitar-alteracao-de-dados-na-carteira-nacional-de-habilitacao-cnh200;https://www.meudetran.ms.gov.br/habilitacao.php#;;https://www.servicos.ms.gov.br/servico/solicitar-alteracao-de-dados-na-carteira-nacional-de-habilitacao-cnh200
137;1157;DETRAN;Atualizar endereço de condutor (CNH/PPD);atualizar-endereco-de-condutora-cnhppd109;https://www.meudetran.ms.gov.br/habilitacao.php#;;https://www.servicos.ms.gov.br/servico/atualizar-endereco-de-condutora-cnhppd109
138;1161;DETRAN;Solicitar licença de aprendizagem de direção veicular - LADV;solicitaremitir-licenca-de-aprendizagem-de-direcao-veicular-ladv2;https://www.meudetran.ms.gov.br/habilitacao.php#;;https://www.servicos.ms.gov.br/servico/solicitaremitir-licenca-de-aprendizagem-de-direcao-veicular-ladv2
139;1175;DETRAN;Protocolar defesa e recurso a processo administrativo de suspensão/cassação de CNH;protocolar-defesa-e-recurso-a-processo-administrativo-de-suspensaocassacao-de-cnh71;https://www2.meudetran.ms.gov.br/habilitacao.php#;;https://www.servicos.ms.gov.br/servico/protocolar-defesa-e-recurso-a-processo-administrativo-de-suspensaocassacao-de-cnh71
143;1207;IAGRO;Termo de Habilitação de colheita;termo-de-habilitacao-de-colheita44;;;https://www.servicos.ms.gov.br/servico/termo-de-habilitacao-de-colheita44
146;1227;UEMS;Solicitar serviços de gestão de de patrimônio, infraestrutura e reserva de veículos oficiais;solicitar-servicos-de-gestao-de-de-patrimonio-infraestrutura-e-reserva-de-veiculos-oficiais173;;;https://www.servicos.ms.gov.br/servico/solicitar-servicos-de-gestao-de-de-patrimonio-infraestrutura-e-reserva-de-veiculos-oficiais173
153;1354;FCMS;Orientações para solicitação de certidão negativa de tombamento;orientacoes-para-solicitacao-de-certidao-negativa-de-tombamento142;https://www.ms.gov.br/workspace/formularios/solicitacao-da-negativa-de-tombamento67;;https://www.servicos.ms.gov.br/servico/orientacoes-para-solicitacao-de-certidao-negativa-de-tombamento142
155;1372;UEMS;Processo Seletivo Permanente - Notas do ENEM - Vagas Remanescentes;processo-seletivo-permanente-notas-do-enem-vagas-remanescentes60;https://www.uems.br/pro-reitoria/proe/dind/permanente;;https://www.servicos.ms.gov.br/servico/processo-seletivo-permanente-notas-do-enem-vagas-remanescentes60
159;1397;AGESUL;Obter anuência para o reconhecimento de limites da faixa de domínio com propriedades rurais que confrontam e/ou margeiam as rodovias estaduais;obter-anuencia-para-o-reconhecimento-de-limites-da-faixa-de-dominio-com-propriedades-rurais-que-confrontam-eou-margeiam-as-rodovias-estaduais141;http://www.servicos.ms.gov.br/extranet-seinfra/docs/carta_de_anuencia.html;;https://www.servicos.ms.gov.br/servico/obter-anuencia-para-o-reconhecimento-de-limites-da-faixa-de-dominio-com-propriedades-rurais-que-confrontam-eou-margeiam-as-rodovias-estaduais141
163;1435;SED MS;Solicitar avaliação funcional da visão;solicitar-avaliacao-funcional-da-visao69;;;https://www.servicos.ms.gov.br/servico/solicitar-avaliacao-funcional-da-visao69
164;1436;SED MS;Solicitar Materiais Didáticos e Paradidáticos Acessíveis para Estudantes com Deficiência Visual nos Formatos Braille, Ampliado e Áudio;solicitar-materiais-didaticos-e-paradidaticos-acessiveis-para-estudantes-com-deficiencia-visual-nos-formatos-braille-ampliado-e-audio181;;;https://www.servicos.ms.gov.br/servico/solicitar-materiais-didaticos-e-paradidaticos-acessiveis-para-estudantes-com-deficiencia-visual-nos-formatos-braille-ampliado-e-audio181
165;1437;SED MS;Solicitar avaliação para identificação para Altas Habilidades ou Superdotação;solicitar-avaliacao-para-identificacao-para-altas-habilidades-ou-superdotacao-ceamahs120;;;https://www.servicos.ms.gov.br/servico/solicitar-avaliacao-para-identificacao-para-altas-habilidades-ou-superdotacao-ceamahs120
166;1443;SED MS;Solicitar certificação do Ensino Médio por meio do Enem, no período de 2009 a 2012;atendimento-para-esclarecimentos-sobre-certificacao-do-ensino-medio-pelo-enem-no-periodo-de-2009-a-2012114;;;https://www.servicos.ms.gov.br/servico/atendimento-para-esclarecimentos-sobre-certificacao-do-ensino-medio-pelo-enem-no-periodo-de-2009-a-2012114
168;1447;AGEPREV;Solicitar a concessão de horário especial para servidor com dependente com deficiência;solicitar-a-concessao-de-horario-especial-para-servidor-com-dependente-com-deficiencia128;;;https://www.servicos.ms.gov.br/servico/solicitar-a-concessao-de-horario-especial-para-servidor-com-dependente-com-deficiencia128
